Feature,Importance
pm1,0.34618312
temperature,0.31678665
voc,0.17830725
pm25,0.12068104
pm10,0.035304558
humidity,0.0027374045
co,0.0
